{"icoord": [[15.0, 15.0, 25.0, 25.0], [65.0, 65.0, 75.0, 75.0], [55.0, 55.0, 70.0, 70.0], [45.0, 45.0, 62.5, 62.5], [35.0, 35.0, 53.75, 53.75], [115.0, 115.0, 125.0, 125.0], [105.0, 105.0, 120.0, 120.0], [95.0, 95.0, 112.5, 112.5], [85.0, 85.0, 103.75, 103.75], [165.0, 165.0, 175.0, 175.0], [155.0, 155.0, 170.0, 170.0], [185.0, 185.0, 195.0, 195.0], [162.5, 162.5, 190.0, 190.0], [145.0, 145.0, 176.25, 176.25], [205.0, 205.0, 215.0, 215.0], [160.625, 160.625, 210.0, 210.0], [135.0, 135.0, 185.3125, 185.3125], [94.375, 94.375, 160.15625, 160.15625], [235.0, 235.0, 245.0, 245.0], [225.0, 225.0, 240.0, 240.0], [255.0, 255.0, 265.0, 265.0], [285.0, 285.0, 295.0, 295.0], [275.0, 275.0, 290.0, 290.0], [260.0, 260.0, 282.5, 282.5], [232.5, 232.5, 271.25, 271.25], [127.265625, 127.265625, 251.875, 251.875], [44.375, 44.375, 189.5703125, 189.5703125], [20.0, 20.0, 116.97265625, 116.97265625], [315.0, 315.0, 325.0, 325.0], [305.0, 305.0, 320.0, 320.0], [68.486328125, 68.486328125, 312.5, 312.5], [335.0, 335.0, 345.0, 345.0], [190.4931640625, 190.4931640625, 340.0, 340.0], [5.0, 5.0, 265.24658203125, 265.24658203125]], "dcoord": [[0.0, 0.0, 0.0, 0.0], [0.0, 0.0, 0.0, 0.0], [0.0, 0.0, 0.0, 0.0], [0.0, 0.0857321409974112, 0.0857321409974112, 0.0], [0.0, 0.27511815643464904, 0.27511815643464904, 0.0857321409974112], [0.0, 0.0, 0.0, 0.0], [0.0, 0.0, 0.0, 0.0], [0.0, 0.0, 0.0, 0.0], [0.0, 0.01264911064067352, 0.01264911064067352, 0.0], [0.0, 0.0, 0.0, 0.0], [0.0, 0.0, 0.0, 0.0], [0.0, 2.3399999999999996e-06, 2.3399999999999996e-06, 0.0], [0.0, 1.3679377178804595e-05, 1.3679377178804595e-05, 2.3399999999999996e-06], [0.0, 0.0003634562491414888, 0.0003634562491414888, 1.3679377178804595e-05], [0.0, 0.01, 0.01, 0.0], [0.0003634562491414888, 0.025888287920917057, 0.025888287920917057, 0.01], [0.0, 0.03172005666666666, 0.03172005666666666, 0.025888287920917057], [0.01264911064067352, 0.07822738203352261, 0.07822738203352261, 0.03172005666666666], [0.0, 0.0, 0.0, 0.0], [0.0, 0.011916509556073871, 0.011916509556073871, 0.0], [0.0, 0.0, 0.0, 0.0], [0.0, 0.007500000000000007, 0.007500000000000007, 0.0], [0.0, 0.015877132402714707, 0.015877132402714707, 0.007500000000000007], [0.0, 0.0451848057057532, 0.0451848057057532, 0.015877132402714707], [0.011916509556073871, 0.11739012522354678, 0.11739012522354678, 0.0451848057057532], [0.07822738203352261, 0.29696636988568476, 0.29696636988568476, 0.11739012522354678], [0.27511815643464904, 0.7992355169225653, 0.7992355169225653, 0.29696636988568476], [0.0, 2.590068046178498, 2.590068046178498, 0.7992355169225653], [0.0, 0.6624000000000008, 0.6624000000000008, 0.0], [0.0, 3.809588016220826, 3.809588016220826, 0.6624000000000008], [2.590068046178498, 10.75006860708583, 10.75006860708583, 3.809588016220826], [0.0, 20.0, 20.0, 0.0], [10.75006860708583, 76.40334338216442, 76.40334338216442, 20.0], [0.0, 2783.6317341416407, 2783.6317341416407, 76.40334338216442]], "ivl": ["2", "17", "21", "3", "31", "20", "7", "18", "16", "24", "23", "13", "15", "6", "33", "22", "8", "10", "0", "26", "25", "29", "12", "30", "34", "19", "28", "9", "1", "4", "11", "5", "14", "27", "32"], "leaves": [2, 17, 21, 3, 31, 20, 7, 18, 16, 24, 23, 13, 15, 6, 33, 22, 8, 10, 0, 26, 25, 29, 12, 30, 34, 19, 28, 9, 1, 4, 11, 5, 14, 27, 32], "color_list": ["C1", "C1", "C1", "C1", "C1", "C1", "C1", "C1", "C1", "C1", "C1", "C1", "C1", "C1", "C1", "C1", "C1", "C1", "C1", "C1", "C1", "C1", "C1", "C1", "C1", "C1", "C1", "C1", "C1", "C1", "C1", "C1", "C1", "C0"], "leaves_color_list": ["C0", "C1", "C1", "C1", "C1", "C1", "C1", "C1", "C1", "C1", "C1", "C1", "C1", "C1", "C1", "C1", "C1", "C1", "C1", "C1", "C1", "C1", "C1", "C1", "C1", "C1", "C1", "C1", "C1", "C1", "C1", "C1", "C1", "C1", "C1"]}