{"icoord": [[45.0, 45.0, 55.0, 55.0], [35.0, 35.0, 50.0, 50.0], [25.0, 25.0, 42.5, 42.5], [85.0, 85.0, 95.0, 95.0], [75.0, 75.0, 90.0, 90.0], [105.0, 105.0, 115.0, 115.0], [82.5, 82.5, 110.0, 110.0], [65.0, 65.0, 96.25, 96.25], [125.0, 125.0, 135.0, 135.0], [145.0, 145.0, 155.0, 155.0], [130.0, 130.0, 150.0, 150.0], [80.625, 80.625, 140.0, 140.0], [33.75, 33.75, 110.3125, 110.3125], [175.0, 175.0, 185.0, 185.0], [165.0, 165.0, 180.0, 180.0], [195.0, 195.0, 205.0, 205.0], [225.0, 225.0, 235.0, 235.0], [215.0, 215.0, 230.0, 230.0], [200.0, 200.0, 222.5, 222.5], [172.5, 172.5, 211.25, 211.25], [72.03125, 72.03125, 191.875, 191.875], [265.0, 265.0, 275.0, 275.0], [255.0, 255.0, 270.0, 270.0], [245.0, 245.0, 262.5, 262.5], [295.0, 295.0, 305.0, 305.0], [285.0, 285.0, 300.0, 300.0], [253.75, 253.75, 292.5, 292.5], [131.953125, 131.953125, 273.125, 273.125], [325.0, 325.0, 335.0, 335.0], [315.0, 315.0, 330.0, 330.0], [202.5390625, 202.5390625, 322.5, 322.5], [15.0, 15.0, 262.51953125, 262.51953125], [345.0, 345.0, 355.0, 355.0], [138.759765625, 138.759765625, 350.0, 350.0], [5.0, 5.0, 244.3798828125, 244.3798828125]], "dcoord": [[0.0, 0.0, 0.0, 0.0], [0.0, 0.0, 0.0, 0.0], [0.0, 0.012247448713915893, 0.012247448713915893, 0.0], [0.0, 0.0, 0.0, 0.0], [0.0, 0.0, 0.0, 0.0], [0.0, 2.3399999999999996e-06, 2.3399999999999996e-06, 0.0], [0.0, 1.3679377178804595e-05, 1.3679377178804595e-05, 2.3399999999999996e-06], [0.0, 0.0003634562491414888, 0.0003634562491414888, 1.3679377178804595e-05], [0.0, 0.0, 0.0, 0.0], [0.0, 0.0, 0.0, 0.0], [0.0, 0.01414213562373095, 0.01414213562373095, 0.0], [0.0003634562491414888, 0.03274638182092916, 0.03274638182092916, 0.01414213562373095], [0.012247448713915893, 0.06327054038818, 0.06327054038818, 0.03274638182092916], [0.0, 0.0, 0.0, 0.0], [0.0, 0.011916509556073871, 0.011916509556073871, 0.0], [0.0, 0.0, 0.0, 0.0], [0.0, 0.007500000000000007, 0.007500000000000007, 0.0], [0.0, 0.015877132402714707, 0.015877132402714707, 0.007500000000000007], [0.0, 0.0451848057057532, 0.0451848057057532, 0.015877132402714707], [0.011916509556073871, 0.11739012522354678, 0.11739012522354678, 0.0451848057057532], [0.06327054038818, 0.29240794682729915, 0.29240794682729915, 0.11739012522354678], [0.0, 0.0, 0.0, 0.0], [0.0, 0.0, 0.0, 0.0], [0.0, 0.0857321409974112, 0.0857321409974112, 0.0], [0.0, 0.09999999999999998, 0.09999999999999998, 0.0], [0.0, 0.1732050807568877, 0.1732050807568877, 0.09999999999999998], [0.0857321409974112, 0.5878957633555701, 0.5878957633555701, 0.1732050807568877], [0.29240794682729915, 1.2111985289753853, 1.2111985289753853, 0.5878957633555701], [0.0, 0.0, 0.0, 0.0], [0.0, 2.228110158856604, 2.228110158856604, 0.0], [1.2111985289753853, 4.539106270263514, 4.539106270263514, 2.228110158856604], [0.0, 9.30393803733866, 9.30393803733866, 4.539106270263514], [0.0, 20.0, 20.0, 0.0], [9.30393803733866, 76.66776913082441, 76.66776913082441, 20.0], [0.0, 2784.9937450793614, 2784.9937450793614, 76.66776913082441]], "ivl": ["2", "12", "17", "25", "16", "24", "34", "23", "9", "11", "0", "27", "14", "26", "6", "30", "13", "31", "35", "20", "29", "10", "1", "4", "32", "21", "8", "19", "3", "7", "15", "5", "18", "22", "28", "33"], "leaves": [2, 12, 17, 25, 16, 24, 34, 23, 9, 11, 0, 27, 14, 26, 6, 30, 13, 31, 35, 20, 29, 10, 1, 4, 32, 21, 8, 19, 3, 7, 15, 5, 18, 22, 28, 33], "color_list": ["C1", "C1", "C1", "C1", "C1", "C1", "C1", "C1", "C1", "C1", "C1", "C1", "C1", "C1", "C1", "C1", "C1", "C1", "C1", "C1", "C1", "C1", "C1", "C1", "C1", "C1", "C1", "C1", "C1", "C1", "C1", "C1", "C1", "C1", "C0"], "leaves_color_list": ["C0", "C1", "C1", "C1", "C1", "C1", "C1", "C1", "C1", "C1", "C1", "C1", "C1", "C1", "C1", "C1", "C1", "C1", "C1", "C1", "C1", "C1", "C1", "C1", "C1", "C1", "C1", "C1", "C1", "C1", "C1", "C1", "C1", "C1", "C1", "C1"]}